{"cameraMode":{"drawMode":0,"name":"Shaded","section":"Shading Mode"},"sceneLighting":true,"audioPlay":false,"sceneViewState":{"m_AlwaysRefresh":false,"showFog":true,"showSkybox":true,"showFlares":true,"showImageEffects":true,"showParticleSystems":true,"showVisualEffectGraphs":true,"m_FxEnabled":true},"in2DMode":false,"pivot":{"x":-0.30778375267982485,"y":7.093803405761719,"z":-5.27323579788208},"rotation":{"x":0.3000794053077698,"y":-0.01431179791688919,"z":0.004505216609686613,"w":0.9538038372993469},"size":0.8660253882408142,"orthographic":false}